chunk_id,tokens,chunk
1,469,飛行車に関する法制度 【注意】この文章は、架空の飛行車を対象にした法律の自動生成例です。  目次 1. 飛行車高度制限法 2. 飛行車速度制限法 3. 飛行車飛行コース及びルート法 4. 飛行車離着陸ゾーン法 5. 飛行車避難手段法 6. 飛行車通信システム法 7. 飛行車自動飛行及びAI使用法 8. 飛行車運転資格及び許可法 9. 飛行車ノイズ規制法 10. 飛行車環境影響規制法  飛行車高度制限法 第1条（目的） 本法は、飛行車の飛行安全及び住民の安全確保を図るため、飛行車の飛行における高度の制 限に関する基準を定めることを目的とする。 第2条（定義） 本法において「飛行車」とは、地上及び空中を移動する能力を有する車両を指す。 第3条（一般的な飛行高度制限） 1. 都市部において飛行車が飛行する場合の基本高度は、地上から150メートルから300 メートルとする。 2. 都市部以外の地域において飛行車が飛行する場合の基本高度は、地上から300メート ルから500メートルとする。 3. 特定の地域や施設の上空において、飛行を禁止または特定の高度を指定することがで きる。 第4条（特例の飛行高度） 1. 緊急車両、公的機関の車両、及び関連する公的任務を遂行する車両については、第3条 の制限を超える高度での飛行が許可される。 2.
2,460,ルから500メートルとする。 3. 特定の地域や施設の上空において、飛行を禁止または特定の高度を指定することがで きる。 第4条（特例の飛行高度） 1. 緊急車両、公的機関の車両、及び関連する公的任務を遂行する車両については、第3条 の制限を超える高度での飛行が許可される。 2. 第1項の特例を適用する場合、事前または事後に関連する機関への届け出が必要とす る。 第5条（高度計測装置の搭載義務） 1. 飛行車は、正確な飛行高度を計測し記録する装置を搭載することを義務とする。 2. 第1項の装置の仕様や機能は、関連機関が別途定めるものとする。 第6条（高度制限違反の罰則） 1. 本法に違反して高度制限を超えて飛行した者は、150万円以下の罰金に処する。 2. 重大な事故を招いた場合や繰り返し違反を犯した場合、第1項の罰金の他、2年以下の 懲役または300万円以下の罰金に処する。 第7条（監督・指導） 国は、飛行車の飛行高度制限の実施状況を監督し、必要に応じて指導または命令を行うものと する。 第8条（法施行日） 本法は、公布の日から6ヶ月後に施行する。  飛行車速度制限法 第1条（目的） 本法は、飛行車の飛行安全及び一般公共の利益を確保するため、飛行車の飛行速度に関する 基準を定めることを目的とする。 第2条（定義）
3,468,する。 第8条（法施行日） 本法は、公布の日から6ヶ月後に施行する。  飛行車速度制限法 第1条（目的） 本法は、飛行車の飛行安全及び一般公共の利益を確保するため、飛行車の飛行速度に関する 基準を定めることを目的とする。 第2条（定義） 本法において「飛行車」とは、地上及び空中を移動する能力を有する車両を指す。 第3条（一般的な速度制限） 1. 都市部において飛行車が飛行する場合の最大速度は、時速150キロメートルとする。 2. 都市部以外の地域において飛行車が飛行する場合の最大速度は、時速250キロメート ルとする。 3. 特定の地域や施設の上空、または特定の飛行コース上では、別途速度制限が設けられ ることがある。 第4条（特例の速度制限） 1. 緊急車両、公的機関の車両、及び関連する公的任務を遂行する車両については、第3条 の制限を超える速度での飛行が許可される。 2. 第1項の特例を適用する場合、事前または事後に関連する機関への届け出が必要とす る。 第5条（速度計測装置の搭載義務） 1. 飛行車は、正確な飛行速度を計測し記録する装置を搭載することを義務とする。 2. 第1項の装置の仕様や機能は、関連機関が別途定めるものとする。 第6条（速度制限違反の罰則） 1. 本法に違反して速度制限を超えて飛行した者は、200万円以下の罰金に処する。 2.
4,482,1. 飛行車は、正確な飛行速度を計測し記録する装置を搭載することを義務とする。 2. 第1項の装置の仕様や機能は、関連機関が別途定めるものとする。 第6条（速度制限違反の罰則） 1. 本法に違反して速度制限を超えて飛行した者は、200万円以下の罰金に処する。 2. 重大な事故を招いた場合や繰り返し違反を犯した場合、第1項の罰金の他、3年以下の 懲役または400万円以下の罰金に処する。 第7条（監督・指導） 国は、飛行車の速度制限の実施状況を監督し、必要に応じて指導または命令を行うものとする。 第8条（法施行日） 本法は、公布の日から6ヶ月後に施行する。  飛行車飛行コース及びルート法 第1条（目的） 本法は、飛行車の飛行安全及び一般公共の利益を確保するため、飛行車の飛行におけるコー ス及びルートに関する基準を定めることを目的とする。 第2条（定義） 本法において「飛行車」とは、地上及び空中を移動する能力を有する車両を指す。また、「飛行 コース」とは、飛行車が飛行するための指定された経路を指す。 第3条（飛行コース及びルートの設定） 1. 飛行車の飛行コース及びルートは、交通管理機関により定められる。 2. 飛行コース及びルートは、交通量、天候条件、地理的特性、都市計画等を考慮して定期 的に見直し、必要に応じて調整される。 第4条（飛行コース及びルートの遵守）
5,476,第3条（飛行コース及びルートの設定） 1. 飛行車の飛行コース及びルートは、交通管理機関により定められる。 2. 飛行コース及びルートは、交通量、天候条件、地理的特性、都市計画等を考慮して定期 的に見直し、必要に応じて調整される。 第4条（飛行コース及びルートの遵守） 飛行車は、指定された飛行コース及びルートを遵守し、これを逸脱することは基本的に禁止す る。ただし、緊急事態等一定の例外事情が認められる場合を除く。 第5条（特例の飛行コース及びルート） 1. 緊急車両、公的機関の車両、及び関連する公的任務を遂行する車両については、通常 の飛行コース及びルートを逸脱することが許可される。 2. 第1項の特例を適用する場合、事前または事後に関連する機関への届け出が必要とす る。 第6条（飛行コース及びルート違反の罰則） 1. 本法に違反して飛行コースやルートを逸脱した者は、150万円以下の罰金に処する。 2. 重大な事故を招いた場合や繰り返し違反を犯した場合、第1項の罰金の他、2年以下の 懲役または300万円以下の罰金に処する。 第7条（監督・指導） 国は、飛行車の飛行コース及びルートの遵守状況を監督し、必要に応じて指導または命令を行 うものとする。 第8条（法施行日） 本法は、公布の日から6ヶ月後に施行する。  飛行車離着陸ゾーン法 第1条（目的）
6,479,懲役または300万円以下の罰金に処する。 第7条（監督・指導） 国は、飛行車の飛行コース及びルートの遵守状況を監督し、必要に応じて指導または命令を行 うものとする。 第8条（法施行日） 本法は、公布の日から6ヶ月後に施行する。  飛行車離着陸ゾーン法 第1条（目的） 本法は、飛行車の飛行安全及び一般公共の利益を確保するため、飛行車の離着陸に関する ゾーンに関する基準を定めることを目的とする。 第2条（定義） 本法において「飛行車」とは、地上及び空中を移動する能力を有する車両を指す。また、「離着陸 ゾーン」とは、飛行車が離陸及び着陸を行うために指定された区域を指す。 第3条（離着陸ゾーンの設定） 1. 離着陸ゾーンは、交通管理機関により定められる。 2. 離着陸ゾーンは、地理的特性、人口密度、周囲の建築物や施設、環境への影響等を考 慮して定期的に見直し、必要に応じて調整される。 第4条（離着陸ゾーンの使用） 飛行車は、指定された離着陸ゾーン以外での離陸及び着陸を基本的に禁止する。ただし、緊急 事態等一定の例外事情が認められる場合を除く。 第5条（特例の離着陸ゾーン） 1. 緊急車両、公的機関の車両、及び関連する公的任務を遂行する車両については、通常 の離着陸ゾーン以外でも離陸及び着陸することが許可される。 2.
7,474,事態等一定の例外事情が認められる場合を除く。 第5条（特例の離着陸ゾーン） 1. 緊急車両、公的機関の車両、及び関連する公的任務を遂行する車両については、通常 の離着陸ゾーン以外でも離陸及び着陸することが許可される。 2. 第1項の特例を適用する場合、事前または事後に関連する機関への届け出が必要とす る。 第6条（離着陸ゾーン違反の罰則） 1. 本法に違反して離着陸ゾーン以外で離陸または着陸した者は、200万円以下の罰金に 処する。 2. 重大な事故を招いた場合や繰り返し違反を犯した場合、第1項の罰金の他、3年以下の 懲役または400万円以下の罰金に処する。 第7条（監督・指導） 国は、飛行車の離着陸ゾーンの遵守状況を監督し、必要に応じて指導または命令を行うものと する。 第8条（法施行日） 本法は、公布の日から6ヶ月後に施行する。  飛行車避難手段法 第1条（目的） 本法は、飛行車の飛行中に発生する緊急事態に対する避難手段を定めることにより、乗員及び 一般公共の安全を確保することを目的とする。 第2条（定義） 本法において「飛行車」とは、地上及び空中を移動する能力を有する車両を指す。また、「避難手 段」とは、飛行車が緊急事態に対処するための具体的な措置や装備を指す。 第3条（避難手段の設定） 1.
8,467,一般公共の安全を確保することを目的とする。 第2条（定義） 本法において「飛行車」とは、地上及び空中を移動する能力を有する車両を指す。また、「避難手 段」とは、飛行車が緊急事態に対処するための具体的な措置や装備を指す。 第3条（避難手段の設定） 1. 飛行車は、乗員が緊急事態に対応するための適切な避難手段を有するものとする。 2. 避難手段は、飛行車の設計及び運用において必須の要件であり、これに適合しない飛 行車の製造、販売、運用は禁止する。 第4条（避難手段の詳細） 1. 避難手段としては、少なくとも以下の要素を含むものとする： 1. 飛行車からの緊急脱出システム 2. 緊急時の自動降下システム 3. 緊急連絡システム 2. 避難手段の具体的な要件は、交通管理機関が定める基準により定められる。 第5条（乗員の訓練） 飛行車の運転者は、緊急事態に対応するための適切な訓練を受け、定期的にその能力を証明 するものとする。 第6条（避難手段違反の罰則） 1. 本法に違反して適切な避難手段を有しない飛行車を運用した者は、300万円以下の罰金 に処する。 2. 重大な事故を招いた場合や繰り返し違反を犯した場合、第1項の罰金の他、5年以下の 懲役または500万円以下の罰金に処する。 第7条（監督・指導）
9,488,第6条（避難手段違反の罰則） 1. 本法に違反して適切な避難手段を有しない飛行車を運用した者は、300万円以下の罰金 に処する。 2. 重大な事故を招いた場合や繰り返し違反を犯した場合、第1項の罰金の他、5年以下の 懲役または500万円以下の罰金に処する。 第7条（監督・指導） 国は、飛行車の避難手段の遵守状況を監督し、必要に応じて指導または命令を行うものとする。 第8条（法施行日） 本法は、公布の日から6ヶ月後に施行する  飛行車通信システム法 第1条（目的） 本法は、飛行車の適切な操作と安全な飛行を確保するため、飛行車の通信システムに関する基 準を定めることを目的とする。 第2条（定義） 本法において「飛行車」とは、地上及び空中を移動する能力を有する車両を指す。また、「通信シ ステム」とは、飛行車が他の飛行車、地上施設、及び航空交通管制と情報を交換するための装 置を指す。 第3条（通信システムの設定） 1. 飛行車は、連続的かつ信頼性の高い通信を可能とする通信システムを備えるものとす る。 2. 通信システムは、飛行車の設計及び運用において必須の要件であり、これに適合しない 飛行車の製造、販売、運用は禁止する。 第4条（通信システムの詳細） 1. 通信システムとしては、少なくとも以下の要素を含むものとする： 1. 他の飛行車及び航空交通管制との通信能力 2. 緊急信号送信装置 3.
10,475,る。 2. 通信システムは、飛行車の設計及び運用において必須の要件であり、これに適合しない 飛行車の製造、販売、運用は禁止する。 第4条（通信システムの詳細） 1. 通信システムとしては、少なくとも以下の要素を含むものとする： 1. 他の飛行車及び航空交通管制との通信能力 2. 緊急信号送信装置 3. 自動航行情報送信装置 2. 通信システムの具体的な要件は、交通管理機関が定める基準により定められる。 第5条（運転者の訓練） 飛行車の運転者は、通信システムの適切な操作と、通信に関するプロトコルについての適切な 訓練を受け、定期的にその能力を証明するものとする。 第6条（通信システム違反の罰則） 1. 本法に違反して適切な通信システムを有しない飛行車を運用した者は、300万円以下の 罰金に処する。 2. 重大な事故を招いた場合や繰り返し違反を犯した場合、第1項の罰金の他、5年以下の 懲役または500万円以下の罰金に処する。 第7条（監督・指導） 国は、飛行車の通信システムの遵守状況を監督し、必要に応じて指導または命令を行うものと する。 第8条（法施行日） 本法は、公布の日から6ヶ月後に施行する。  飛行車自動飛行及びAI使用法 第1条（目的） 本法は、飛行車の自動飛行とAIの使用に関する基準を定め、安全と公共の利益を保護すること を目的とする。 第2条（定義）
11,482,する。 第8条（法施行日） 本法は、公布の日から6ヶ月後に施行する。  飛行車自動飛行及びAI使用法 第1条（目的） 本法は、飛行車の自動飛行とAIの使用に関する基準を定め、安全と公共の利益を保護すること を目的とする。 第2条（定義） 本法において「飛行車」とは、地上及び空中を移動する能力を有する車両を指す。「自動飛行」と は、人間の直接的な操作を必要とせずに飛行車が移動することを指す。「AI」とは、自律的に学 習、推論、判断を行う人工知能を指す。 第3条（自動飛行及びAIの使用） 1. 飛行車は、安全性と信頼性が確保された自動飛行システムとAIを使用することができ る。 2. 自動飛行システムとAIは、飛行車の設計及び運用において基本要件となり、これに適合 しない飛行車の製造、販売、運用は禁止する。 第4条（自動飛行及びAIの詳細） 1. 自動飛行システムとAIは、少なくとも以下の要素を含むものとする： 1. 高度、速度、方向の自動制御能力 2. 衝突防止機能 3. 緊急事態に対する適切な対応能力 2. 自動飛行システムとAIの具体的な要件は、交通管理機関が定める基準により定められ る。 第5条（運転者の訓練） 飛行車の運転者は、自動飛行システムとAIの操作について適切な訓練を受け、定期的にその能 力を証明するものとする。 第6条（自動飛行及びAI違反の罰則） 1.
12,485,2. 自動飛行システムとAIの具体的な要件は、交通管理機関が定める基準により定められ る。 第5条（運転者の訓練） 飛行車の運転者は、自動飛行システムとAIの操作について適切な訓練を受け、定期的にその能 力を証明するものとする。 第6条（自動飛行及びAI違反の罰則） 1. 本法に違反して適切な自動飛行システム及びAIを有しない飛行車を運用した者は、300 万円以下の罰金に処する。 2. 重大な事故を招いた場合や繰り返し違反を犯した場合、第1項の罰金の他、5年以下の 懲役または500万円以下の罰金に処する。 第7条（監督・指導） 国は、飛行車の自動飛行及びAIの遵守状況を監督し、必要に応じて指導または命令を行うもの とする。 第8条（法施行日） 本法は、公布の日から6ヶ月後に施行する。  飛行車運転資格及び許可法 第1条（目的） 本法は、飛行車の運転資格と許可の基準を定めることを目的とする。 第2条（定義） 本法における「飛行車」は、地上及び空中を移動する車両。「飛行車運転資格」は飛行車運転に 必要な資格を指す。 第3条（飛行車の運転資格） 飛行車運転資格は、試験に合格した者に対して交付される。 第4条（飛行車運転資格取得の要件） 飛行車運転資格を取得するためには、以下の要件を満たすことが必要である。 1. 適正な身体及び精神の健康状態であること。 2.
13,487,必要な資格を指す。 第3条（飛行車の運転資格） 飛行車運転資格は、試験に合格した者に対して交付される。 第4条（飛行車運転資格取得の要件） 飛行車運転資格を取得するためには、以下の要件を満たすことが必要である。 1. 適正な身体及び精神の健康状態であること。 2. 交通管理機関が定める飛行車運転資格の教育及び訓練プログラムを修了していること。 第5条（飛行車運転資格の教育及び訓練プログラム） 飛行車運転資格取得には、健康状態と教育及び訓練プログラムの修了が必要。 第6条（教育及び訓練の場所） 飛行車運転資格の教育及び訓練プログラムは、交通管理機関が認定した施設で行われる。 第7条（飛行車運転資格違反の罰則） 1. 本法に違反して適切な飛行車運転資格を有しない者が飛行車を運用した場合、300万円 以下の罰金に処する。 2. 重大な事故を招いた場合や繰り返し違反を犯した場合、第1項の罰金の他、5年以下の 懲役または500万円以下の罰金に処する。 第8条（監督・指導） 国は、飛行車の運転資格の取得状況及び遵守状況を監督し、必要に応じて指導または命令を 行うものとする。 第9条（法施行日） 本法は、公布の日から6ヶ月後に施行する。  飛行車ノイズ規制法 第1条（目的） 本法は、飛行車によるノイズの影響を最小限に抑えることを目的とし、飛行車の運用におけるノ イズ規制の基準を定める。
14,471,行うものとする。 第9条（法施行日） 本法は、公布の日から6ヶ月後に施行する。  飛行車ノイズ規制法 第1条（目的） 本法は、飛行車によるノイズの影響を最小限に抑えることを目的とし、飛行車の運用におけるノ イズ規制の基準を定める。 第2条（定義） 本法において「飛行車」とは、地上及び空中を移動する能力を有する車両を指す。また、「ノイズ」 とは、飛行車の運用によって発生する音を指す。 第3条（ノイズ規制） 1. 飛行車の製造者は、飛行車が発生するノイズが交通管理機関が定める基準を満たすこ とを確保しなければならない。 2. 飛行車の運転者は、特に夜間や住宅地区を通過する際には、ノイズを最小限に抑えるた めの操作を行わなければならない。 第4条（ノイズ規制違反の罰則） 1. 本法に違反し、規定以上のノイズを発生させた飛行車を製造または運用した者は、300 万円以下の罰金に処する。 2. 重大な違反を犯した場合や繰り返し違反を犯した場合、第1項の罰金の他、5年以下の 懲役または500万円以下の罰金に処する。 第5条（監督・指導） 国は、飛行車のノイズ規制の遵守状況を監督し、必要に応じて指導または命令を行うものとす る。 第6条（法施行日） 本法は、公布の日から6ヶ月後に施行する。  飛行車環境影響規制法 第1条（目的）
15,471,懲役または500万円以下の罰金に処する。 第5条（監督・指導） 国は、飛行車のノイズ規制の遵守状況を監督し、必要に応じて指導または命令を行うものとす る。 第6条（法施行日） 本法は、公布の日から6ヶ月後に施行する。  飛行車環境影響規制法 第1条（目的） 本法は、飛行車の運用による環境への影響を管理・最小化することを目的とし、飛行車の環境 影響に関する規制の基準を定める。 第2条（定義） 本法において「飛行車」とは、地上及び空中を移動する能力を有する車両を指す。また、「環境影 響」とは、飛行車の製造、運用、廃棄によって生じる環境への影響を指す。 第3条（環境影響規制） 1. 飛行車の製造者は、飛行車が環境影響の管理と最小化に必要な基準を満たすことを確 保しなければならない。 2. 飛行車の運転者は、特に自然保護地区や気象条件が悪い時は適切な運用を行い、環 境への影響を最小限に抑える。 第4条（環境影響規制違反の罰則） 1. 本法に違反し、規定以上の環境影響を及ぼした飛行車を製造または運用した者は、300 万円以下の罰金に処する。 2. 重大な違反を犯した場合や繰り返し違反を犯した場合、第1項の罰金の他、5年以下の 懲役または500万円以下の罰金に処する。 第5条（監督・指導）
16,176,1. 本法に違反し、規定以上の環境影響を及ぼした飛行車を製造または運用した者は、300 万円以下の罰金に処する。 2. 重大な違反を犯した場合や繰り返し違反を犯した場合、第1項の罰金の他、5年以下の 懲役または500万円以下の罰金に処する。 第5条（監督・指導） 国は、飛行車の環境影響規制の遵守状況を監督し、必要に応じて指導または命令を行うものと する。 第6条（法施行日） 本法は、公布の日から6ヶ月後に施行する。
